Date,deuda_pib,pb_pib,PIB_real,TCRM,EMBI,VIX,CER,es_interpolado,g_gap
1999-03-31,35.46213137751454,-0.2909373607104664,100.79951943260288,1.056781050034774,756.728813559322,,,1,3.0880701064091585
1999-06-30,36.75720699956186,-0.3864637628717439,99.6686095647518,1.0659462647838902,683.28125,,,1,2.4915455048295914
1999-09-30,38.33000052352176,-0.1599826687673553,99.03021343833602,1.046072212815928,806.2727272727273,,,1,2.3956928198256096
1999-12-31,40.18051184567048,0.3885059868632813,98.88433095100322,1.047881690165671,618.9545454545455,,,1,2.805196404123344
2000-03-31,42.30874095395574,1.2590022154507925,99.23096216782646,1.0622753751542184,550.9206349206349,,,1,3.7230842601713348
2000-06-30,42.05087237802798,1.6781634350285646,99.31630580276332,1.0599707357109849,650.015625,,,1,4.358059222126678
2000-09-30,39.40690631185716,1.6459895949933026,99.1403618119254,1.055827364585425,670.15625,,,1,4.695612433761749
2000-12-31,34.37684249284411,1.1624806647517796,98.70313023724523,1.034249348388241,807.390625,,,1,4.718358353313215
2001-03-31,26.960680917560843,0.2276364131354774,98.00461104695783,1.0518657881238702,750.265625,,,1,4.406139435205279
2001-06-30,31.80261478088051,-0.210423193412576,96.37867654940251,0.9994173633562384,973.4375,,,1,3.024487123974183
2001-09-30,48.902644044870456,-0.1516981406402005,93.82532669974591,0.9821683645558212,1468.9384615384615,,,1,0.5444214739305923
2001-12-31,78.26076881913912,0.4038116042090696,90.34456152276488,0.9813728008221698,2947.6363636363635,,,1,-3.0574154943443776
2002-03-31,119.87698925130414,1.4561061543610314,85.93638102430508,1.9664369352614763,4433.587301587301,,,1,-7.794245037360074
2002-06-30,146.2144649762493,2.3494443649596395,83.52764438475698,2.7588469133883664,5461.476923076923,,,1,-10.529205905870956
2002-09-30,157.27319583852184,3.083826245687012,83.1183515798902,2.605029704198102,6658.984848484848,,,1,-11.273669492809619
2002-12-31,153.05318182709047,3.65925166392,84.70850266566197,2.401720886490763,6285.2,,,1,-10.052847776922132
2003-03-31,133.55442287129165,4.075720623136767,88.2980975979895,2.212053067087966,6340.806451612903,,,1,-6.90680281628134
2003-06-30,120.39972511982997,4.008029911429209,91.11194420610911,2.1362384284261435,5174.03265625,,,1,-4.79014097280311
2003-09-30,113.589088599292,3.456179597707321,93.15004259668378,2.176490717302208,4953.217121212121,,,1,-3.679753014611506
2003-12-31,113.1225136059729,2.420169618350145,94.41239266343791,2.2453687532616526,5800.853230769231,,,1,-3.539847551115284
2004-03-31,119.0,0.9,94.89899446195028,2.2978972338570167,5626.29359375,16.658064503823557,1.4627098901098905,0,-4.3246565438758
2004-06-30,112.0,1.1,106.03578013126592,2.210923054270228,4864.85140625,16.230161297705866,1.481654945054945,0,5.373680356860825
2004-09-30,108.0,1.2,99.18303625571838,2.289888925546041,5214.980454545454,15.442187443375587,1.5104597826086958,0,-2.932066503012529
2004-12-31,102.0,1.3,99.88218915106556,2.361003487901665,5172.653181818182,13.651250019669533,1.5311021739130437,0,-3.79892729300454
2005-03-31,78.0,1.2,101.7495505099361,2.3443029352696843,5042.181746031746,12.787049199714035,1.5584288888888886,0,-3.605073915585998
2005-06-30,72.0,1.5,119.90311901736838,2.3112122994687647,5009.506153846154,13.407343715429306,1.6107208791208791,0,11.697999852156059
2005-09-30,69.0,1.4,106.0980555940946,2.312854553002313,414.18666666666667,12.250781282782556,1.6487869565217392,0,-2.821467171486016
2005-12-31,65.0,1.6,107.655914556259,2.367604631105472,423.45454545454544,12.781746031746032,1.691214130434783,0,-3.047643077678255
2006-03-31,63.0,1.5,109.7364537902141,2.410134996583217,396.88153846153847,12.042419341302686,1.7465,0,-2.8154603346270655
2006-06-30,61.0,1.7,126.58362357570458,2.3986704130240653,353.81125000000003,14.52873011997768,1.794578021978022,0,10.275893567438796
2006-09-30,59.0,1.6,116.05057338750493,2.3977141376933084,339.264,13.607936465550983,1.829513043478261,0,-0.5043075032444371
2006-12-31,57.0,1.8,118.07382087608066,2.3630845504134874,282.686,11.034920647030784,1.8684630434782608,0,-0.32262815134424616
2007-03-31,56.0,1.4,118.90925936757442,2.358784382847069,210.224375,12.56360655925313,1.9175533333333328,0,-1.096689194158151
2007-06-30,55.0,1.2,139.0639933922362,2.3397686446228136,268.47640625,13.73190472617982,1.9580032967032968,0,14.041108115525452
2007-09-30,53.0,1.1,125.8310809570102,2.2764715954183736,414.1538461538461,21.589206256563703,1.989080434782609,0,1.8169446608282065
2007-12-31,52.0,1.0,129.0161334974014,2.295504088224543,387.7846153846154,22.02984371781349,2.027544565217392,0,3.083994762995896
2008-03-31,52.0,0.8,127.1286414358048,2.301409161657998,481.671875,26.12016408951556,2.078652747252747,0,0.37534871713735046
2008-06-30,51.0,0.6,146.6467155605454,2.2072385433010058,556.723076923077,20.67296865582466,2.1299428571428574,0,14.4980577947437
2008-09-30,50.0,0.4,133.3885159930425,2.0610542551570306,695.2727272727273,25.073281168937683,2.1709815217391304,0,3.0567495769940916
2008-12-31,49.0,0.2,126.4629159764191,1.8536742765887997,1696.5555555555557,58.59593743085861,2.2013891304347823,0,-3.263488541962528
2009-03-31,51.0,-0.5,119.26096109941808,1.9186525640879084,1696.857142857143,45.00000006253602,2.227928888888889,0,-9.640686455072856
2009-06-30,52.0,-0.6,130.11296246690188,2.0611830409138747,1454.265625,33.01571428208124,2.2599615384615386,0,-2.327354575848704
2009-09-30,51.0,-0.4,125.85049090289608,2.176891976556062,923.7121212121212,25.486250042915344,2.289744565217392,0,-6.3742774281521735
2009-12-31,50.0,-0.3,126.81953915618163,2.1589797718810666,716.6,23.070156276226044,2.3405239130434783,0,-6.478569901386226
2010-03-31,49.0,0.2,126.07466074724418,1.9790048619370249,734.3709677419355,20.149672086121605,2.403571111111111,0,-7.819621798317865
2010-06-30,47.0,0.3,151.24877167717037,1.8658731796247991,734.859375,26.39142858414423,2.48192967032967,0,9.675751444112057
2010-09-30,46.0,0.1,137.81603134583528,1.8512494762301148,712.5757575757576,24.28359362483025,2.541544565217392,0,-0.8504925419411916
2010-12-31,44.0,0.0,137.73843910112078,1.8301367032357423,545.1212121212121,19.31843753159046,2.6002804347826087,0,-1.6449758223855175
2011-03-31,43.0,0.1,136.52954855206585,1.8185058372961973,531.296875,18.61483860015869,2.661471111111112,0,-3.1914629349456707
2011-06-30,42.0,-0.2,157.96927454429692,1.8270565426967944,574.3125,17.48238103351896,2.724652747252747,0,11.280979074291992
2011-09-30,41.0,-0.3,146.64916682881935,1.7614619290333369,730.4848484848485,30.583593621850014,2.7877695652173915,0,2.69134656004758
2011-12-31,40.0,-0.5,144.92443513523605,1.6258533028906264,909.9076923076924,29.939523818000914,2.8536380434782616,0,0.9356793095407848
2012-03-31,42.0,-0.7,138.66520782643724,1.612000239325684,833.9384615384615,18.204032267293623,2.917010989010989,0,-3.8932681196677046
2012-06-30,43.0,-0.8,150.65252125980354,1.4919785196651203,1065.359375,20.035714210025848,2.9916329670329667,0,3.960827569133189
2012-09-30,43.0,-1.0,145.0091977083871,1.4548591782014968,1020.5692307692308,16.192698403010294,3.063858695652174,0,-0.3172187513119866
2012-12-31,44.0,-1.2,145.72993096652286,1.4632992155916589,1039.4923076923078,16.75290323072864,3.143127173913044,0,-0.15669203782255303
2013-03-31,44.0,-1.4,139.5721131524547,1.4865891895755103,1124.016129032258,13.527000029881796,3.2339211111111106,0,-4.650115821313739
2013-06-30,45.0,-1.6,160.06231313144914,1.4571787714394568,1199.3538461538462,14.837031200528145,3.307831868131868,0,9.083687917025205
2013-09-30,45.0,-1.5,148.7190983389643,1.411423855081577,1093.439393939394,14.27968756854534,3.385197826086956,0,1.155537867601431
2013-12-31,46.0,-1.8,145.65557871712397,1.445402850196392,851.9692307692308,14.232812464237211,3.473929347826086,0,-1.0795721025752814
2014-03-31,47.0,-2.0,138.3312774504257,1.614036023523335,926.6666666666666,14.828852528431376,3.63618888888889,0,-6.162390898458717
2014-06-30,48.0,-2.2,156.7827344646443,1.5886220806838998,783.65625,12.738253971887014,3.945863736263736,0,6.2662656091426365
2014-09-30,48.0,-2.1,142.41561696656734,1.518324261860987,710.3030303030303,13.07437500357628,4.131184782608695,0,-3.5201705013544804
2014-12-31,49.0,-2.4,141.55431068833474,1.3870568124100753,728.6307692307693,16.063750088214874,4.299857608695652,0,-4.124838662796929
2015-03-31,51.0,-2.6,138.67836300315082,1.273852960406217,668.5238095238095,16.56475407959985,4.446702222222223,0,-6.068956871410633
2015-06-30,52.0,-2.8,163.10269671209025,1.2221448734407152,597.6461538461539,13.740158762250628,4.596259340659341,0,10.50822430111779
2015-09-30,53.0,-3.0,148.06406242217545,1.1452149753593002,585.2575757575758,19.30734378099441,4.749839130434782,0,0.3807804084167868
2015-12-31,54.0,-3.2,145.05452542456325,1.1396293304240592,506.9846153846154,17.033281311392784,4.924831521739131,0,-1.5706772812922865
2016-03-31,56.0,-3.1,139.68890189627257,1.4518897388370136,468.6984126984127,20.48622949006128,5.267854945054945,0,-5.1009731900639395
2016-06-30,58.0,-2.9,156.808792564844,1.3378750451837342,501.4769230769231,15.67593750357628,5.811623076923077,0,6.680498409509641
2016-09-30,60.0,-3.0,143.1376470244089,1.3410073047054525,482.3333333333333,13.233906269073486,6.382890217391305,0,-2.4563215602390187
2016-12-31,62.0,-3.1,142.8884430330436,1.303507959236306,473.5692307692308,14.09793646373446,6.657657608695651,0,-2.438488193509421
2017-03-31,63.0,-2.8,140.4707114606806,1.2801729693748765,457.6461538461538,11.691935508481915,6.980582222222222,0,-3.881881533059517
2017-06-30,64.0,-2.6,160.4570799144357,1.2177208433131312,417.3125,11.426349231175012,7.421804395604395,0,10.057939946622874
2017-09-30,65.0,-2.7,148.6493175185049,1.320715270327556,411.484375,10.94428569551498,7.813482608695653,0,2.232065021382272
2017-12-31,67.0,-2.8,149.36512580908854,1.2694268513449831,360.234375,10.307936501881432,8.191021610665015,0,3.024465611878492
2018-03-31,69.0,-2.7,145.80542416453298,1.371981215652985,390.9193548387097,17.354754135256908,8.676219262062322,0,0.8828566121225265
2018-06-30,75.0,-2.4,154.07233319843832,1.4581789033867611,470.0615384615385,15.337500035762789,9.302908496839937,0,6.949401765421818
2018-09-30,82.0,-2.0,143.49201806093063,1.7310432841395202,638.5538461538462,12.856825404696997,10.093009374361849,0,-0.06489284688519167
2018-12-31,86.0,-2.4,139.89576642631974,1.755457677842122,692.1384615384616,21.05365064409044,11.50206258799516,0,-2.2519870049469026
2019-03-31,83.0,-0.8,137.25579447506038,1.6972825521001902,709.6031746031746,16.4699999387147,12.880597202281688,0,-3.8005135562341343
2019-06-30,83.0,-0.6,154.97029740685798,1.7049304082951673,883.109375,15.183015777951194,14.331729329517175,0,8.920528427091316
2019-09-30,85.0,-0.5,140.97701026694892,1.772075513690704,1493.8333333333333,15.960156202316284,15.728973232361644,0,-0.6714569944998097
2019-12-31,89.0,-0.9,138.3921069379933,1.8303036520260343,2158.276923076923,13.985781237483025,17.602799998121764,0,-2.3016707444738596
2020-03-31,88.0,-1.2,130.3585951921423,1.7046698344753188,2460.5873015873017,31.22451622255387,19.702912307781727,0,-7.850500568707357
2020-06-30,96.0,-3.8,125.61552296987936,1.635992519909257,3103.0,34.49365086025662,21.220009841485084,0,-11.15154962916119
2020-09-30,97.0,-2.5,126.60755310766432,1.7163112385945185,1996.8333333333333,25.80890628695488,22.46180423005276,0,-10.470677868684367
2020-12-31,97.0,-2.9,132.4228409140435,1.7378229054468883,1391.8,25.62171870470047,24.277442113350777,0,-6.456236469663833
2021-03-31,85.0,-1.8,134.57256815644328,1.7537403255909882,1492.190476190476,23.202458960111024,26.95686969441388,0,-5.107414014740548
2021-06-30,83.0,-1.2,149.14326115530662,1.6902525863260462,1547.515625,17.999999969724623,30.37583744564568,0,4.912962250941932
2021-09-30,81.0,-0.8,141.56564762613974,1.6169416858715695,1568.1060606060605,18.28906251490116,33.730485855288805,0,-0.7063505843110133
2021-12-31,80.0,-1.1,143.4988382122337,1.4992487217740846,1711.8030303030305,19.274375021457672,36.90696913870465,0,0.31990435438943593
2022-03-31,81.0,-0.8,143.8061086438699,1.472410247855901,1809.571428571429,25.37290327010616,40.68933823441508,0,0.17941548899101847
2022-06-30,79.0,-0.9,161.2686298562478,1.4094702604334537,1927.75,27.353709836159982,47.14545870401275,0,11.930797887194885
2022-09-30,78.0,-1.0,151.02849201906795,1.3139509160373948,2520.630769230769,24.73125004768372,55.80928604450244,0,4.433757970111099
2022-12-31,81.0,-1.7,146.9218991430627,1.308457406668821,2443.1774193548385,25.07539691622295,67.61642399979618,0,1.2160688859171482
2023-03-31,82.0,-1.5,145.12203330954205,1.365424751505144,2080.6769230769232,20.6945161819458,79.50120629337694,0,-0.39561578008480314
2023-06-30,81.0,-1.8,152.15528569731546,1.3525589529529698,2465.476923076923,16.46112900395547,96.83701011281364,0,4.043489979860642
2023-09-30,82.0,-2.0,150.1792281599422,1.4513685569389796,2104.222222222222,15.05301583002484,119.81519975925497,0,2.3108098192436985
2023-12-31,90.0,-2.9,144.40759753971057,1.4338262999715743,2257.753846153846,15.325714308118064,159.44044829703435,0,-1.9887287104985214
2024-03-31,84.0,1.5,137.7445269556697,1.7068957611045297,1786.876923076923,13.703770512440164,247.1816426253152,0,-6.865916165680389
2024-06-30,79.0,1.8,150.46104016786242,1.3502703293874927,1340.123076923077,14.029841180831667,371.0421489790293,0,1.3373920495928455
2024-09-30,77.0,1.6,147.24321666576756,1.2573995976340693,1484.5454545454545,17.165468707680702,441.8397207554119,0,-1.2213432835881095
2024-12-31,75.0,1.4,148.32009548265816,1.1827917666524113,870.3636363636364,17.41734381020069,494.779871757916,0,-0.8974612995213247
2025-03-31,73.0,1.2,146.17046254240884,1.1618868343319555,684.0,18.62633349100749,534.9996370253142,0,-2.7289890545676876
2025-06-30,72.0,1.0,160.26761546320884,1.215415273291191,726.7049180327868,23.632096875098444,579.8877130502385,0,6.218515183140242
2025-09-30,71.0,0.9,151.95052122912105,1.3770671830986991,862.34375,15.957499966025352,617.0823839261813,0,0.2987815478681398
2025-12-31,70.0,0.8,151.55206696736855,1.39466796873747,745.030303030303,17.75359381735325,654.2899202595012,0,-0.36717434425765466
