Date,deuda_pib,pb_pib,PIB_real,TCRM,EMBI,VIX,CER,es_interpolado,es_interpolado_tcrm,g_gap
1996-03-31,31.343755691050625,-1.2862471094931056,90.36129065146712,1.3312855812038098,705.48,,,1,1,-5.80960787908469
1996-06-30,31.6714870609425,-1.525744192844386,90.9704068377347,1.3106185035248878,644.52,,,1,1,-5.489960519837806
1996-09-30,31.679949688598395,-1.4102722011221334,92.18863916265016,1.2902722646695943,618.39,,,1,1,-4.538268808481025
1996-12-31,31.369143773076992,-0.9398312596326442,94.01598773535592,1.2702418838877547,548.71,,,1,1,-2.9538277586935053
1997-03-31,30.73906962586101,-0.1144213438579781,96.45245241347529,1.2195511099830325,452.9,,,1,0,-0.73238769843335
1997-06-30,30.461812702606693,0.4814613100690238,98.57673401559384,1.2178601462980565,374.52,,,1,0,1.1879425686783442
1997-09-30,30.537373115295804,0.8478166027773192,100.38883245380336,1.1984698061171335,357.1,,,1,0,2.823743254887102
1997-12-31,30.96575084060415,0.984644677894428,101.88874777969922,1.2042508834401169,540.0,,,1,0,4.190776235425733
1998-03-31,31.746945594185597,0.8919455842667263,103.07648001125288,1.180468125158087,540.0,,,1,0,5.302622797396304
1998-06-30,32.5871810296652,0.7180378312518643,103.56142322881232,1.1835751627479232,560.0,,,1,0,5.77056362609241
1998-09-30,33.486457032458496,0.4629214329529312,103.34357757083446,1.176173022432619,980.0,,,1,0,5.59988818701407
1998-12-31,34.44477376710002,0.1265963984112709,102.4229429848497,1.197223660057199,718.13,,,1,0,4.78924351278075
1999-03-31,35.46213137751454,-0.2909373607104664,100.79951943260288,1.056781050034774,756.73,,,1,0,3.330753034424552
1999-06-30,36.75720699956186,-0.3864637628717439,99.6686095647518,1.0659462647838902,683.28,,,1,0,2.4393423165762402
1999-09-30,38.33000052352176,-0.1599826687673553,99.03021343833602,1.046072212815928,806.27,,,1,0,2.1088813725297135
1999-12-31,40.18051184567048,0.3885059868632813,98.88433095100322,1.047881690165671,618.95,,,1,0,2.333734296681491
2000-03-31,42.30874095395574,1.2590022154507925,99.23096216782646,1.0622753751542184,550.92,,,1,0,3.108409926280218
2000-06-30,42.05087237802798,1.6781634350285646,99.31630580276332,1.0599707357109849,650.02,,,1,0,3.640121328177427
2000-09-30,39.40690631185716,1.6459895949933026,99.1403618119254,1.055827364585425,670.16,,,1,0,3.9103494979193
2000-12-31,34.37684249284411,1.1624806647517796,98.70313023724523,1.034249348388241,807.39,,,1,0,3.8975114396741386
2001-03-31,26.960680917560843,0.2276364131354774,98.00461104695783,1.0518657881238702,750.27,,,1,0,3.577181450226109
2001-06-30,31.80261478088051,-0.210423193412576,96.37867654940251,0.9994173633562384,973.44,,,1,0,2.2162248367038475
2001-09-30,48.902644044870456,-0.1516981406402005,93.82532669974591,0.9821683645558212,1468.94,,,1,0,-0.21901125679554106
2001-12-31,78.26076881913912,0.4038116042090696,90.34456152276488,0.9813728008221698,2947.64,,,1,0,-3.757011929192533
2002-03-31,119.87698925130414,1.4561061543610314,85.93638102430508,1.9664369352614763,4433.59,,,1,0,-8.416334592878782
2002-06-30,146.2144649762493,2.3494443649596395,83.52764438475698,2.7588469133883664,5461.48,,,1,0,-11.084901958974967
2002-09-30,157.27319583852184,3.083826245687012,83.1183515798902,2.605029704198102,6658.98,,,1,0,-11.773528982816453
2002-12-31,153.05318182709047,3.65925166392,84.70850266566197,2.401720886490763,6285.2,,,1,0,-10.505902196368295
2003-03-31,133.55442287129165,4.075720623136767,88.2980975979895,2.212053067087966,6340.81,,,1,0,-7.320059838346732
2003-06-30,120.39972511982997,4.008029911429209,91.11194420610911,2.1362384284261435,5174.03,,,1,0,-5.157283120698427
2003-09-30,113.589088599292,3.456179597707321,93.15004259668378,2.176490717302208,4953.22,,,1,0,-3.9976204183713455
2003-12-31,113.1225136059729,2.420169618350145,94.41239266343791,2.2453687532616526,5800.85,,,1,0,-3.8080346201411084
2004-03-31,119.0,0.9,94.89899446195028,2.2978972338570167,5626.29,16.658064503823557,1.4627098901098905,0,0,-4.544993678388671
2004-06-30,112.0,1.1,106.03578013126592,2.210923054270228,4864.85,16.230161297705866,1.481654945054945,0,0,5.176433063601595
2004-09-30,108.0,1.2,99.18303625571838,2.289888925546041,5214.98,15.442187443375587,1.5104597826086958,0,0,-3.0765632184811493
2004-12-31,102.0,1.3,99.88218915106556,2.361003487901665,5172.65,13.651250019669533,1.5311021739130437,0,0,-3.9098362019822837
2005-03-31,78.0,1.2,101.7495505099361,2.3443029352696843,5042.18,12.787049199714035,1.5584288888888886,0,0,-3.6882720661918036
2005-06-30,72.0,1.5,119.90311901736838,2.3112122994687647,5009.51,13.407343715429306,1.6107208791208791,0,0,11.629120797446753
2005-09-30,69.0,1.4,106.0980555940946,2.312854553002313,414.19,12.250781282782556,1.6487869565217392,0,0,-2.861337515938691
2005-12-31,65.0,1.6,107.655914556259,2.367604631105472,423.45,12.781746031746032,1.691214130434783,0,0,-3.07093526825431
2006-03-31,63.0,1.5,109.7364537902141,2.410134996583217,396.88,12.042419341302686,1.7465,0,0,-2.8254376590296606
2006-06-30,61.0,1.7,126.58362357570458,2.3986704130240653,353.81,14.52873011997768,1.794578021978022,0,0,10.276593801684736
2006-09-30,59.0,1.6,116.05057338750493,2.3977141376933084,339.26,13.607936465550983,1.829513043478261,0,0,-0.4952956357109788
2006-12-31,57.0,1.8,118.07382087608066,2.3630845504134874,282.69,11.034920647030784,1.8684630434782608,0,0,-0.30731953485393887
2007-03-31,56.0,1.4,118.90925936757442,2.358784382847069,210.22,12.56360655925313,1.9175533333333328,0,0,-1.077040811575446
2007-06-30,55.0,1.2,139.0639933922362,2.3397686446228136,268.48,13.73190472617982,1.9580032967032968,0,0,14.067201867940513
2007-09-30,53.0,1.1,125.8310809570102,2.2764715954183736,414.15,21.589206256563703,1.989080434782609,0,0,1.8420632947493072
2007-12-31,52.0,1.0,129.0161334974014,2.295504088224543,387.78,22.02984371781349,2.027544565217392,0,0,3.110249121396181
2008-03-31,52.0,0.8,127.1286414358048,2.301409161657998,481.67,26.12016408951556,2.078652747252747,0,0,0.40092492606427665
2008-06-30,51.0,0.6,146.6467155605454,2.2072385433010058,556.72,20.67296865582466,2.1299428571428574,0,0,14.526546004503807
2008-09-30,50.0,0.4,133.3885159930425,2.0610542551570306,695.27,25.073281168937683,2.1709815217391304,0,0,3.081297728776618
2008-12-31,49.0,0.2,126.4629159764191,1.8536742765887997,1696.56,58.59593743085861,2.2013891304347823,0,0,-3.241797580515324
2009-03-31,51.0,-0.5,119.26096109941808,1.9186525640879084,1696.86,45.00000006253602,2.227928888888889,0,0,-9.621897557456457
2009-06-30,52.0,-0.6,130.11296246690188,2.0611830409138747,1454.27,33.01571428208124,2.2599615384615386,0,0,-2.3087773761156436
2009-09-30,51.0,-0.4,125.85049090289608,2.176891976556062,923.71,25.486250042915344,2.289744565217392,0,0,-6.35819761716305
2009-12-31,50.0,-0.3,126.81953915618163,2.1589797718810666,716.6,23.070156276226044,2.3405239130434783,0,0,-6.464245551597834
2010-03-31,49.0,0.2,126.07466074724418,1.9790048619370249,734.37,20.149672086121605,2.403571111111111,0,0,-7.8071837344368715
2010-06-30,47.0,0.3,151.24877167717037,1.8658731796247991,734.86,26.39142858414423,2.48192967032967,0,0,9.68862802495247
2010-09-30,46.0,0.1,137.81603134583528,1.8512494762301148,712.58,24.28359362483025,2.541544565217392,0,0,-0.8404923229517277
2010-12-31,44.0,0.0,137.73843910112078,1.8301367032357423,545.12,19.31843753159046,2.6002804347826087,0,0,-1.6365690081992148
2011-03-31,43.0,0.1,136.52954855206585,1.8185058372961973,531.3,18.61483860015869,2.661471111111112,0,0,-3.1845545738357233
2011-06-30,42.0,-0.2,157.96927454429692,1.8270565426967944,574.31,17.48238103351896,2.724652747252747,0,0,11.28749772053766
2011-09-30,41.0,-0.3,146.64916682881935,1.7614619290333369,730.48,30.583593621850014,2.7877695652173915,0,0,2.696187344378241
2011-12-31,40.0,-0.5,144.92443513523605,1.6258533028906264,909.91,29.939523818000914,2.8536380434782616,0,0,0.939415809880205
2012-03-31,42.0,-0.7,138.66520782643724,1.612000239325684,833.94,18.204032267293623,2.917010989010989,0,0,-3.8905611474339166
2012-06-30,43.0,-0.8,150.65252125980354,1.4919785196651203,1065.36,20.035714210025848,2.9916329670329667,0,0,3.9629602376306616
2012-09-30,43.0,-1.0,145.0091977083871,1.4548591782014968,1020.57,16.192698403010294,3.063858695652174,0,0,-0.31582495668105226
2012-12-31,44.0,-1.2,145.72993096652286,1.4632992155916589,1039.49,16.75290323072864,3.143127173913044,0,0,-0.15584512832319145
2013-03-31,44.0,-1.4,139.5721131524547,1.4865891895755103,1124.02,13.527000029881796,3.2339211111111106,0,0,-4.64974185819402
2013-06-30,45.0,-1.6,160.06231313144914,1.4571787714394568,1199.35,14.837031200528145,3.307831868131868,0,0,9.08371055748932
2013-09-30,45.0,-1.5,148.7190983389643,1.411423855081577,1093.44,14.27968756854534,3.385197826086956,0,0,1.1552593224712973
2013-12-31,46.0,-1.8,145.65557871712397,1.445402850196392,851.97,14.232812464237211,3.473929347826086,0,0,-1.0800717828828676
2014-03-31,47.0,-2.0,138.3312774504257,1.614036023523335,926.67,14.828852528431376,3.63618888888889,0,0,-6.163026258865301
2014-06-30,48.0,-2.2,156.7827344646443,1.5886220806838998,783.66,12.738253971887014,3.945863736263736,0,0,6.265416305187443
2014-09-30,48.0,-2.1,142.41561696656734,1.518324261860987,710.3,13.07437500357628,4.131184782608695,0,0,-3.5210185659187694
2014-12-31,49.0,-2.4,141.55431068833474,1.3870568124100753,728.63,16.063750088214874,4.299857608695652,0,0,-4.125723840364081
2015-03-31,51.0,-2.6,138.67836300315082,1.273852960406217,668.52,16.56475407959985,4.446702222222223,0,0,-6.069838127762673
2015-06-30,52.0,-2.8,163.10269671209025,1.2221448734407152,597.65,13.740158762250628,4.596259340659341,0,0,10.507197217480389
2015-09-30,53.0,-3.0,148.06406242217545,1.1452149753593002,585.26,19.30734378099441,4.749839130434782,0,0,0.37987502222358926
2015-12-31,54.0,-3.2,145.05452542456325,1.1396293304240592,506.98,17.033281311392784,4.924831521739131,0,0,-1.5715239212535734
2016-03-31,56.0,-3.1,139.68890189627257,1.4518897388370136,468.7,20.48622949006128,5.267854945054945,0,0,-5.101739777686253
2016-06-30,58.0,-2.9,156.808792564844,1.3378750451837342,501.48,15.67593750357628,5.811623076923077,0,0,6.679700299142056
2016-09-30,60.0,-3.0,143.1376470244089,1.3410073047054525,482.33,13.233906269073486,6.382890217391305,0,0,-2.4569887023080157
2016-12-31,62.0,-3.1,142.8884430330436,1.303507959236306,473.57,14.09793646373446,6.657657608695651,0,0,-2.439090646733521
2017-03-31,63.0,-2.8,140.4707114606806,1.2801729693748765,457.65,11.691935508481915,6.980582222222222,0,0,-3.882410879907605
2017-06-30,64.0,-2.6,160.4570799144357,1.2177208433131312,417.31,11.426349231175012,7.421804395604395,0,0,10.057406046962285
2017-09-30,65.0,-2.7,148.6493175185049,1.320715270327556,411.48,10.94428569551498,7.813482608695653,0,0,2.231633744777819
2017-12-31,67.0,-2.8,149.36512580908854,1.2694268513449831,360.23,10.307936501881432,8.191021610665015,0,0,3.0240928017058826
2018-03-31,69.0,-2.7,145.80542416453298,1.371981215652985,390.92,17.354754135256908,8.676219262062322,0,0,0.8825481534465502
2018-06-30,75.0,-2.4,154.07233319843832,1.4581789033867611,470.06,15.337500035762789,9.302908496839937,0,0,6.949130148708189
2018-09-30,82.0,-2.0,143.49201806093063,1.7310432841395202,638.55,12.856825404696997,10.093009374361849,0,0,-0.06509945888884712
2018-12-31,86.0,-2.4,139.89576642631974,1.755457677842122,692.14,21.05365064409044,11.50206258799516,0,0,-2.2521475103346558
2019-03-31,83.0,-0.8,137.25579447506038,1.6972825521001902,709.6,16.4699999387147,12.880597202281688,0,0,-3.8006350918816794
2019-06-30,83.0,-0.6,154.97029740685798,1.7049304082951673,883.11,15.183015777951194,14.331729329517175,0,0,8.920427067875991
2019-09-30,85.0,-0.5,140.97701026694892,1.772075513690704,1493.83,15.960156202316284,15.728973232361644,0,0,-0.6715207671616698
2019-12-31,89.0,-0.9,138.3921069379933,1.8303036520260343,2158.28,13.985781237483025,17.602799998121764,0,0,-2.301709384479074
2020-03-31,88.0,-1.2,130.3585951921423,1.7046698344753188,2460.59,31.22451622255387,19.702912307781727,0,0,-7.850517923377363
2020-06-30,96.0,-3.8,125.61552296987936,1.635992519909257,3103.0,34.49365086025662,21.220009841485084,0,0,-11.151551191452043
2020-09-30,97.0,-2.5,126.60755310766432,1.7163112385945185,1996.83,25.80890628695488,22.46180423005276,0,0,-10.470667135078205
2020-12-31,97.0,-2.9,132.4228409140435,1.7378229054468883,1391.8,25.62171870470047,24.277442113350777,0,0,-6.4562151991254035
2021-03-31,85.0,-1.8,134.57256815644328,1.7537403255909882,1492.19,23.202458960111024,26.95686969441388,0,0,-5.107384760429939
2021-06-30,83.0,-1.2,149.14326115530662,1.6902525863260462,1547.52,17.999999969724623,30.37583744564568,0,0,4.9130006467928995
2021-09-30,81.0,-0.8,141.56564762613974,1.6169416858715695,1568.11,18.28906251490116,33.730485855288805,0,0,-0.7063104948601815
2021-12-31,80.0,-1.1,143.4988382122337,1.4992487217740846,1711.8,19.274375021457672,36.90696913870465,0,0,0.31994695989170413
2022-03-31,81.0,-0.8,143.8061086438699,1.472410247855901,1809.57,25.37290327010616,40.68933823441508,0,0,0.17945873606881618
2022-06-30,79.0,-0.9,161.2686298562478,1.4094702604334537,1927.75,27.353709836159982,47.14545870401275,0,0,11.930845719716329
2022-09-30,78.0,-1.0,151.02849201906795,1.3139509160373948,2520.63,24.73125004768372,55.80928604450244,0,0,4.433801198243153
2022-12-31,81.0,-1.7,146.9218991430627,1.308457406668821,2443.18,25.07539691622295,67.61642399979618,0,0,1.2161087077640267
2023-03-31,82.0,-1.5,145.12203330954205,1.365424751505144,2080.68,20.6945161819458,79.50120629337694,0,0,-0.3955791724269919
2023-06-30,81.0,-1.8,152.15528569731546,1.3525589529529698,2465.48,16.46112900395547,96.83701011281364,0,0,4.0435251071581195
2023-09-30,82.0,-2.0,150.1792281599422,1.4513685569389796,2104.22,15.05301583002484,119.81519975925497,0,0,2.3108410098752254
2023-12-31,90.0,-2.9,144.40759753971057,1.4338262999715743,2257.75,15.325714308118064,159.44044829703435,0,0,-1.988702230448717
2024-03-31,84.0,1.5,137.7445269556697,1.7068957611045297,1786.88,13.703770512440164,247.1816426253152,0,0,-6.865894346520069
2024-06-30,79.0,1.8,150.46104016786242,1.3502703293874927,1340.12,14.029841180831667,371.0421489790293,0,0,1.3374120861424061
2024-09-30,77.0,1.6,147.24321666576756,1.2573995976340693,1484.55,17.165468707680702,441.8397207554119,0,0,-1.2213273887754945
2024-12-31,75.0,1.4,148.32009548265816,1.1827917666524113,870.36,17.41734381020069,494.779871757916,0,0,-0.8974489980982969
2025-03-31,73.0,1.2,146.17046254240884,1.1618868343319555,684.0,18.62633349100749,534.9996370253142,0,0,-2.728980539895088
2025-06-30,72.0,1.0,160.26761546320884,1.215415273291191,726.7,23.632096875098444,579.8877130502385,0,0,6.218520624035933
2025-09-30,71.0,0.9,151.95052122912105,1.3770671830986991,862.34,15.957499966025352,617.0823839261813,0,0,0.2987830746127408
2025-12-31,70.0,0.8,151.55206696736855,1.39466796873747,745.03,17.75359381735325,654.2899202595012,0,0,-0.36717638441202693
