Date,VIX,EMBI,CER,TCRM,PIB_real,pb_pib,deuda_pib,g_gap,EMBI_BRASIL,pasivos_bcra_ars,pib_nominal_trim,pasivos_bcra_pib,pib_nominal_es_extrapolado,deuda_consolidada_pib
2004-03-31,16.658064503823557,5626.29359375,1.4627098901098905,2.2978972338570167,94.89899446195028,0.9,119.0,-4.462770373570129,,11205.0,411302.7354074256,2.724270722124088,1,121.72427072212409
2004-06-30,16.230161297705866,4864.85140625,1.481654945054945,2.210923054270228,106.03578013126592,1.1,112.0,4.708903605896053,,13774.0,465260.17300987424,2.960494106102581,1,114.96049410610259
2004-09-30,15.442187443375587,5214.980454545454,1.5104597826086958,2.289888925546041,99.18303625571838,1.2,108.0,-3.8921163233592857,,17190.0,466097.5967142914,3.688068790995532,1,111.68806879099553
2004-12-31,13.651250019669533,5172.653181818182,1.5311021739130437,2.361003487901665,99.88218915106556,1.3,102.0,-4.991382788309579,,19618.0,487486.1572210001,4.024319400541716,1,106.02431940054171
2005-03-31,12.787049199714035,5042.181746031746,1.5584288888888886,2.3443029352696843,101.7495505099361,1.2,78.0,-4.955524729307179,,21267.0,514489.0349943901,4.133615792265018,1,82.13361579226502
2005-06-30,13.407343715429306,5009.506153846154,1.6107208791208791,2.3112122994687647,119.90311901736838,1.5,72.0,10.033862532162942,,29245.0,581983.1399761013,5.025059660869372,1,77.02505966086937
2005-09-30,12.250781282782556,414.18666666666667,1.6487869565217392,2.312854553002313,106.0980555940946,1.4,69.0,-4.299404074522447,,33510.0,583030.6538301978,5.747553714347149,1,74.74755371434715
2005-12-31,12.781746031746032,423.45454545454544,1.691214130434783,2.367604631105472,107.655914556259,1.6,65.0,-4.508256050209463,,33283.0,609785.1071992356,5.458152323999841,1,70.45815232399984
2006-03-31,12.042419341302686,396.88153846153847,1.7465,2.410134996583217,109.7364537902141,1.5,63.0,-4.232142756803948,,30760.0,643562.3795870332,4.77964545095665,0,67.77964545095665
2006-06-30,14.52873011997768,353.81125000000003,1.794578021978022,2.3986704130240653,126.58362357570458,1.7,61.0,8.750057771800288,,36704.0,727989.1872654529,5.041833126378058,0,66.04183312637805
2006-09-30,13.607936465550983,339.264,1.829513043478261,2.3977141376933084,116.05057338750493,1.6,59.0,-1.7898371812282683,,40767.0,729299.4980062835,5.5898845551719765,0,64.58988455517198
2006-12-31,11.034920647030784,282.686,1.8684630434782608,2.3630845504134874,118.07382087608066,1.8,57.0,-1.507990403944615,,41049.0,762766.0220788831,5.381597870356479,0,62.38159787035648
2007-03-31,12.56360655925313,210.224375,1.9175533333333328,2.358784382847069,118.90925936757442,1.4,56.0,-2.165075480598007,,54197.0,774387.787840087,6.998689913636889,0,62.99868991363689
2007-06-30,13.73190472617982,268.47640625,1.9580032967032968,2.3397686446228136,139.0639933922362,1.2,55.0,12.935782186553876,,64159.0,904350.3880960032,7.0944847090825895,0,62.09448470908259
2007-09-30,21.589206256563703,414.1538461538461,1.989080434782609,2.2764715954183736,125.8310809570102,1.1,53.0,0.9419315538440376,,60960.0,914103.9674010072,6.66882566687926,0,59.66882566687926
2007-12-31,22.02984371781349,387.7846153846154,2.027544565217392,2.295504088224543,129.0161334974014,1.0,52.0,2.307686779583505,51.52167570590973,52832.0,995078.5529521112,5.30932958440946,0,57.30932958440946
2008-03-31,26.12016408951556,481.671875,2.078652747252747,2.301409161657998,127.1286414358048,0.8,52.0,-0.2791223900699083,51.23376293846818,63219.0,1032356.8732563646,6.123754453301427,0,58.12375445330143
2008-06-30,20.67296865582466,556.723076923077,2.1299428571428574,2.2072385433010058,146.6467155605454,0.6,51.0,13.859806964227053,50.78636693954468,53593.0,1213883.4109900985,4.41500390521748,0,55.41500390521748
2008-09-30,25.073281168937683,695.2727272727273,2.1709815217391304,2.0610542551570306,133.3885159930425,0.4,50.0,2.5722718114549994,51.64713472127914,60601.0,1183692.2697100418,5.119658339480824,0,55.11965833948082
2008-12-31,58.59593743085861,1696.5555555555557,2.2013891304347823,1.8536742765888,126.4629159764191,0.2,49.0,-3.6412104205611153,58.26700991392136,45228.0,1168651.8083786804,3.870100544553702,0,52.8701005445537
2009-03-31,45.00000006253602,1696.857142857143,2.227928888888889,1.9186525640879084,119.26096109941808,-0.5,51.0,-9.928632556685113,56.16737651238676,51847.0,1112307.4883229537,4.661211089945161,0,55.66121108994516
2009-06-30,33.01571428208124,1454.265625,2.2599615384615386,2.0611830409138747,130.11296246690188,-0.6,52.0,-2.576117026150189,52.11780458594125,46766.0,1251464.7279373782,3.736901165171322,0,55.736901165171325
2009-09-30,25.486250042915344,923.7121212121212,2.289744565217392,2.176891976556062,125.85049090289608,-0.4,51.0,-6.559988608442012,49.0275057554245,52063.0,1269734.7452694154,4.100305216815434,0,55.100305216815435
2009-12-31,23.070156276226044,716.6,2.3405239130434783,2.1589797718810666,126.81953915618163,-0.3,50.0,-6.618246303751827,46.210285663604736,51823.0,1358210.114173964,3.8155363046694513,0,53.81553630466945
2010-03-31,20.149672086121605,734.3709677419355,2.403571111111111,1.9790048619370249,126.07466074724418,0.2,49.0,-7.918506458335759,45.70424012082522,58764.0,1418857.949965618,4.141640817632517,0,53.14164081763252
2010-06-30,26.39142858414423,734.859375,2.48192967032967,1.8658731796247991,151.24877167717037,0.3,47.0,9.597187578194369,44.666244338429166,71123.0,1686066.9544585086,4.21827850975477,0,51.21827850975477
2010-09-30,24.28359362483025,712.5757575757576,2.541544565217392,1.8512494762301148,137.81603134583528,0.1,46.0,-0.8920321183707888,41.46777772903442,79003.0,1712834.5489362031,4.612412801287007,0,50.61241280128701
2010-12-31,19.31843753159046,545.1212121212121,2.6002804347826087,1.8301367032357423,137.73843910112078,0.0,44.0,-1.6621806772011922,40.06248563528061,84893.0,1829124.2504156013,4.641182794482725,0,48.641182794482724
2011-03-31,18.61483860015869,531.296875,2.661471111111112,1.8185058372961973,136.52954855206585,0.1,43.0,-3.189380392030814,41.36279810244037,102117.0,1888827.151847858,5.406370821178526,0,48.40637082117853
2011-06-30,17.48238103351896,574.3125,2.724652747252747,1.8270565426967944,157.96927454429692,-0.2,42.0,11.300563762309771,39.79438674071479,98316.0,2237123.83541306,4.3947500108704105,0,46.39475001087041
2011-09-30,30.583593621850014,730.4848484848485,2.7877695652173915,1.7614619290333369,146.64916682881935,-0.3,41.0,2.721531849566789,38.428466856479645,88121.0,2250487.2637924296,3.9156409110932735,0,44.91564091109328
2011-12-31,29.939523818000914,909.9076923076924,2.8536380434782616,1.6258533028906264,144.92443513523605,-0.5,40.0,0.9740807469388169,38.12382690301017,79441.0,2339658.163473388,3.395410545020141,0,43.39541054502014
2012-03-31,18.204032267293623,833.9384615384615,2.917010989010989,1.612000239325684,138.66520782643724,-0.7,42.0,-3.850958404644764,36.09250582033588,98552.0,2345559.60335098,4.201641256918129,0,46.20164125691813
2012-06-30,20.035714210025848,1065.359375,2.9916329670329667,1.4919785196651203,150.65252125980354,-0.8,43.0,4.010477359105933,34.806493378820875,101357.0,2651098.0463855537,3.82320827923312,0,46.82320827923312
2012-09-30,16.192698403010294,1020.5692307692308,3.063858695652174,1.4548591782014968,145.0091977083871,-1.0,43.0,-0.2677383942931001,31.032708862471203,100833.0,2704827.5498528937,3.727890157192608,0,46.72789015719261
2012-12-31,16.75290323072864,1039.4923076923078,3.143127173913044,1.4632992155916589,145.72993096652286,-1.2,44.0,-0.1067612626433557,28.763130707125512,94470.0,2850170.1932668164,3.314538907998336,0,47.31453890799833
2013-03-31,13.527000029881796,1124.016129032258,3.2339211111111106,1.4865891895755103,139.5721131524547,-1.4,44.0,-4.6032239844944725,29.42901604175568,103333.0,2888980.8590707183,3.576797668131264,0,47.57679766813126
2013-06-30,14.837031200528145,1199.3538461538462,3.307831868131868,1.4571787714394568,160.06231313144914,-1.6,45.0,9.135409954013811,30.28671193122864,112234.0,3387810.912052487,3.312876748838489,0,48.31287674883849
2013-09-30,14.27968756854534,1093.439393939394,3.385197826086956,1.411423855081577,148.7190983389643,-1.5,45.0,1.2010092792089648,34.06136745214462,124538.0,3436546.5463808645,3.6239287994267055,0,48.62392879942671
2013-12-31,14.232812464237211,851.9692307692308,3.473929347826086,1.445402850196392,145.65557871712397,-1.8,46.0,-1.0380378671564705,32.94891828298569,100613.0,3679895.635407356,2.734126452715618,0,48.73412645271562
2014-03-31,14.828852528431376,926.6666666666666,3.63618888888889,1.614036023523335,138.3312774504257,-2.0,47.0,-6.126086044634133,32.41668079915594,157852.0,3917648.8611727264,4.029253401560545,0,51.029253401560545
2014-06-30,12.738253971887014,783.65625,3.945863736263736,1.5886220806838998,156.7827344646443,-2.2,48.0,6.3036679525471495,29.16755489886753,183304.0,4702629.524921878,3.897904332641324,0,51.897904332641325
2014-09-30,13.07437500357628,710.3030303030303,4.131184782608695,1.518324261860987,142.41561696656734,-2.1,48.0,-3.489655965404366,27.889620542526245,232508.0,4685503.11867981,4.962284606599762,0,52.96228460659976
2014-12-31,16.063750088214874,728.6307692307693,4.299857608695652,1.3870568124100753,141.55431068833474,-2.4,49.0,-4.097921039294736,28.378623962402344,254405.0,5010564.196873761,5.077372327825493,0,54.07737232782549
2015-03-31,16.56475407959985,668.5238095238095,4.446702222222223,1.273852960406217,138.67836300315082,-2.6,51.0,-6.0458358014323546,28.49294697847523,297089.0,5092693.740328637,5.833631770302145,0,56.83363177030215
2015-06-30,13.740158762250628,597.6461538461539,4.596259340659341,1.2221448734407152,163.10269671209025,-2.8,52.0,10.53176661963726,27.326390718656867,323384.0,5951478.855366603,5.433674685887463,0,57.43367468588746
2015-09-30,19.30734378099441,585.2575757575758,4.749839130434782,1.1452149753593002,148.06406242217545,-3.0,53.0,0.3990351325174249,28.681330800056458,310240.0,6221730.755771596,4.9863938537071135,0,57.98639385370711
2015-12-31,17.033281311392784,506.9846153846154,4.924831521739131,1.1396293304240592,145.05452542456325,-3.2,54.0,-1.555628004564811,28.21665960550308,325058.0,6552140.231302532,4.961096504727588,0,58.961096504727585
2016-03-31,20.48622949006128,468.6984126984127,5.267854945054945,1.4518897388370136,139.68890189627257,-3.1,56.0,-5.08898371273279,28.08153425474636,450245.0,7006645.04510604,6.425971304404587,0,62.425971304404584
2016-06-30,15.67593750357628,501.4769230769231,5.811623076923077,1.3378750451837342,156.808792564844,-2.9,58.0,6.691410393811066,24.278632283210754,558649.0,8414556.482179211,6.639078377846011,0,64.639078377846
2016-09-30,13.233906269073486,482.3333333333333,6.382890217391305,1.3410073047054525,143.1376470244089,-3.0,60.0,-2.448443750976636,20.29951477050781,659286.0,8527628.825278029,7.731176080808197,0,67.7311760808082
2016-12-31,14.09793646373446,473.5692307692308,6.657657608695651,1.303507959236306,142.8884430330436,-3.1,62.0,-2.4324660289823274,22.114094762575064,668808.0,8963807.87358243,7.461204093531153,0,69.46120409353115
2017-03-31,11.691935508481915,457.6461538461538,6.980582222222222,1.2801729693748765,140.4707114606806,-2.8,63.0,-3.877546733280578,21.11139140205998,869129.0,9240877.73099836,9.405264578758816,0,72.40526457875882
2017-06-30,11.426349231175012,417.3125,7.421804395604395,1.2177208433131312,160.4570799144357,-2.6,64.0,10.061325285820413,18.846297564960665,948400.0,10558208.304643149,8.982584664321552,0,72.98258466432155
2017-09-30,10.94428569551498,411.484375,7.813482608695653,1.320715270327556,148.6493175185049,-2.7,65.0,2.2339630539917548,17.544792006886198,1063690.0,11116422.317869298,9.56863610957054,0,74.56863610957055
2017-12-31,10.307936501881432,360.234375,8.191021610665015,1.2694268513449831,149.36512580908854,-2.8,67.0,3.025326325440425,16.587239536028065,1100767.0,11725405.625723016,9.387879917647831,0,76.38787991764784
2018-03-31,17.354754135256908,390.9193548387097,8.676219262062322,1.371981215652985,145.80542416453298,-2.7,69.0,0.8828518601880065,17.223530607145335,1322120.0,12457790.347179033,10.612796998140071,0,79.61279699814007
2018-06-30,15.337500035762789,470.0615384615385,9.302908496839937,1.4581789033867611,154.07233319843832,-2.4,75.0,6.948672966802703,19.43788433074951,1086880.0,14431394.012697564,7.531358363881554,0,82.53135836388155
2018-09-30,12.856825404696997,638.5538461538462,10.093009374361849,1.7310432841395202,143.49201806093063,-2.0,82.0,-0.0661042640291983,19.704340811759707,773389.0,15276275.653390344,5.062680312582326,0,87.06268031258233
2018-12-31,21.05365064409044,692.1384615384616,11.50206258799516,1.755457677842122,139.89576642631974,-2.4,86.0,-2.25356461306416,20.61516069798241,726625.0,16813782.695796337,4.321603372343248,0,90.32160337234325
2019-03-31,16.4699999387147,709.6031746031746,12.880597202281688,1.6972825521001902,137.25579447506038,-0.8,83.0,-3.802344177948257,16.89137603611242,941033.0,17484108.85697476,5.382218834816984,0,88.38221883481698
2019-06-30,15.183015777951194,883.109375,14.331729329517175,1.7049304082951673,154.97029740685798,-0.6,83.0,8.918246977140086,14.275009713475669,1120212.0,21233558.154751204,5.275667845378719,0,88.27566784537872
2019-09-30,15.960156202316284,1493.8333333333333,15.728973232361644,1.772075513690704,140.97701026694892,-0.5,85.0,-0.6736456578382389,10.830158472061155,1293035.0,22303884.00877951,5.797353499018469,0,90.79735349901847
2019-12-31,13.985781237483025,2158.276923076923,17.602799998121764,1.8303036520260343,138.3921069379933,-0.9,89.0,-2.3038620148783195,10.468868374824524,1178592.0,25212225.576296933,4.674684495556964,0,93.67468449555696
2020-03-31,31.22451622255387,2460.5873015873017,19.702912307781727,1.7046698344753188,130.3585951921423,-1.2,88.0,-7.852551075006664,11.603681591249284,1276969.0,24999988.082612827,5.107878434902598,0,93.1078784349026
2020-06-30,34.49365086025662,3103.0,21.220009841485084,1.635992519909257,125.61552296987936,-3.8,96.0,-11.153470144716811,15.67355123966459,2373538.0,24025361.939099044,9.879301739622443,0,105.87930173962245
2020-09-30,25.80890628695488,1996.8333333333333,22.46180423005276,1.7163112385945185,126.60755310766432,-2.5,97.0,-10.472524121216669,8.3580904006958,2506569.0,27536379.505392466,9.10275441079368,0,106.10275441079368
2020-12-31,25.62171870470047,1391.8,24.277442113350777,1.7378229054468883,132.4228409140435,-2.9,97.0,-6.458047663999725,6.780135869979858,2789470.0,32277527.046046093,8.642142863115353,0,105.64214286311535
2021-03-31,23.202458960111024,1492.190476190476,26.95686969441388,1.7537403255909882,134.57256815644328,-1.8,85.0,-5.109114240061133,7.050484057332653,3281479.0,36785109.79372019,8.920672028441794,0,93.9206720284418
2021-06-30,17.999999969724623,1547.515625,30.37583744564568,1.6902525863260462,149.14326115530662,-1.2,83.0,4.9112461359389545,6.621601239083304,3664463.0,46340281.47592877,7.907727107578073,0,90.90772710757807
2021-09-30,18.28906251490116,1568.1060606060605,33.730485855288805,1.6169416858715695,141.56564762613974,-0.8,81.0,-0.7078142355975403,5.009488463401794,4148115.0,47462528.98909956,8.739768167331903,0,89.7397681673319
2021-12-31,19.274375021457672,1711.8030303030305,36.90696913870465,1.4992487217740846,143.4988382122337,-1.1,80.0,0.3185888533353476,6.649200677871704,4699998.0,54288413.782466695,8.657460538141454,0,88.65746053814145
2022-03-31,25.37290327010616,1809.571428571429,40.68933823441508,1.472410247855901,143.8061086438699,-0.8,81.0,0.1782623446185181,11.992137935853776,4735162.0,60345325.42659546,7.846775150396512,0,88.84677515039651
2022-06-30,27.353709836159982,1927.75,47.14545870401275,1.4094702604334537,161.2686298562478,-0.9,79.0,11.929683009054878,19.851831401548083,6532685.0,78676963.28324091,8.303173797496498,0,87.3031737974965
2022-09-30,24.73125004768372,2520.630769230769,55.80928604450244,1.3139509160373948,151.02849201906795,-1.0,78.0,4.432872341373309,22.98261523246765,8260561.0,87863363.94194476,9.401598834137651,0,87.40159883413764
2022-12-31,25.07539691622295,2443.1774193548385,67.61642399979618,1.308457406668821,146.9218991430627,-1.7,81.0,1.215352166000053,24.344423640341983,9707266.0,104354529.22768565,9.302199024653955,0,90.30219902465396
2023-03-31,20.6945161819458,2080.6769230769232,79.50120629337694,1.365424751505144,145.12203330954205,-1.5,82.0,-0.3961902708935786,20.624289631843567,11521673.0,120719556.77267988,9.544164432028031,0,91.54416443202803
2023-06-30,16.46112900395547,2465.476923076923,96.83701011281364,1.3525589529529698,152.15528569731546,-1.8,81.0,4.043017562008706,20.425926235414323,15028040.0,159215855.4150243,9.43878356890195,0,90.43878356890195
2023-09-30,15.05301583002484,2104.222222222222,119.81519975925497,1.4513685569389796,150.1792281599422,-2.0,82.0,2.3104623253932326,19.60790623369671,20281090.0,206516399.8417453,9.82057115829131,0,91.82057115829132
2023-12-31,15.325714308118064,2257.753846153846,159.44044829703435,1.4338262999715743,144.40759753971057,-2.9,90.0,-1.988957008765794,19.550298007707752,25795255.0,283181180.0856772,9.109099337814602,0,99.1090993378146
2024-03-31,13.703770512440164,1786.876923076923,247.1816426253152,1.7068957611045297,137.7445269556697,1.5,84.0,-6.866040141810298,15.316918273441132,30932370.0,423472034.4071884,7.304465817513008,0,91.304465817513
2024-06-30,14.029841180831667,1340.123076923077,371.0421489790293,1.3502703293874927,150.46104016786242,1.8,79.0,1.337352241096888,13.834674485146053,16038488.0,559938388.8647271,2.8643308476345,0,81.8643308476345
2024-09-30,17.165468707680702,1484.5454545454545,441.8397207554119,1.2573995976340693,147.24321666576756,1.6,77.0,-1.2212943398225544,10.59224820137024,1012.0,642862095.294979,0.0001574210094834,0,77.00015742100949
2024-12-31,17.41734381020069,870.3636363636364,494.779871757916,1.1827917666524113,148.32009548265816,1.4,75.0,-0.8973281268376428,9.363133311271667,-355349.0,709365943.3672847,-0.0500938906529958,0,74.949906109347
2025-03-31,18.62633349100749,684.0,534.9996370253142,1.1618868343319555,146.17046254240884,1.2,73.0,-2.728778789447345,8.707246073087063,-223217.0,1338449636.6721194,-0.0166772804806462,1,72.98332271951935
2025-06-30,23.632096875098444,726.7049180327868,579.8877130502385,1.215415273291191,160.26761546320884,1.0,72.0,6.218829348833445,8.061806613399142,165132.0,1769772906.453924,0.0093306886662014,1,72.0093306886662
2025-09-30,15.957499966025352,862.34375,617.0823839261813,1.3770671830986991,151.95052122912105,0.9,71.0,0.2991566033563804,3.538336038589477,283604.0,2031866257.903797,0.0139578084382671,1,71.01395780843826
2025-12-31,17.75359381735325,745.030303030303,654.2899202595012,1.39466796873747,151.55206696736855,0.8,70.0,-0.3667248083647144,0.0,250924.0,2242062077.3615847,0.0111916615750123,1,70.01119166157501
